fill_prob_bucket,num_signals,avg_est_fill_probability,actual_fill_rate
"(-0.001, 0.5]",0,,
"(0.5, 0.6]",0,,
"(0.6, 0.7]",0,,
"(0.7, 0.8]",16597,0.7325002108814846,0.8204494788214738
"(0.8, 0.9]",3033,0.8287583250906693,0.9953841081437521
"(0.9, 1.0]",0,,
