metric,value
num_signals,19636.0
fill_rate,0.8472193929517213
avg_improvement,0.006533917294763129
median_improvement,0.10000000000013642
positive_improvement_rate,0.7009064982684865
