metric,value
num_signals,9480.0
fill_rate,0.7901898734177215
avg_improvement,-0.0669852320675106
median_improvement,0.01999999999998181
positive_improvement_rate,0.5123417721518987
