ticks_away,num_signals,fill_rate,avg_improvement,median_improvement
0,8188,0.9462628236443575,-0.0010179531021005752,0.0
1,4429,0.9112666516143599,0.0005543011966577618,0.0049999999999954525
