ticks_away,num_signals,fill_rate,avg_improvement,median_improvement
0.0,9749,1.0,0.0,0.0
1.0,3916,0.8638917262512769,-0.00046986721144009363,0.009999999999990905
